,Individual,NumRaces
107,Heather Waters,8
88,Scott Pauw,8
0,Jacqueleen Albanese,7
87,Marie Parizo,7
18,David Glueck,7
53,Sean Wolfe,7
73,Nadia Lafreniere,7
85,Keri Niles,7
10,Kristen Esty,7
96,Ryan Scelza,7
46,Charles Trichtinger,7
90,Niels Poulsen,6
31,Michael Herron,6
84,palaniappan nagappan,6
82,Robyn Mosher,6
62,Jen Frost,6
98,Helene Sisti,6
50,Jim Westrich,6
49,Michael Vecchiarelli,6
99,Colin Smith,6
57,Katie Barclay,6
113,Jimmy Wu,6
8,Geoff Dunbar,6
17,Cindy Glueck,6
13,katie faris,5
33,Darrel LASELL,5
47,Lindsay Trichtinger,5
6,Gunner Currier,5
104,John Valentine,4
4,Kristen Coats,4
41,Julia Neily,4
12,Jason Faris,4
72,Nicole Labrecque,4
32,Cheryl Lasell,4
76,Todd MacKenzie,4
28,Jeff Hafner,4
78,Janet Moore,4
77,CRAIG MANNING,3
68,Lori Bliss Hill,3
22,Betsy Gonnerman,3
66,Alison Grogan,3
60,Robert Daniels,3
59,Rita Coppola,3
11,Dylan Faris,3
103,Sarah Swanson,3
79,Pam Moore,3
83,Michael Musty,3
54,Eran Assaf,3
25,gabe grout,3
29,Tracy Hazen,3
42,Desislava Pomeroy,3
37,Stephanie Mathew,2
93,Laurie Reed,2
9,Nancy Dunbar,2
23,Michael Gonnerman,2
24,Stephen Gonzalez,2
80,Tom Moore,2
26,Kari Grua,2
34,Alaina Legere,2
109,John Wilson,2
71,Robert Jones,2
36,Allison MacKenzie,2
106,Brendan von Koss,2
86,Sherry Owens,2
45,Kimberly Tillotson,2
14,Megan Faris,2
44,Victoria Pomeroy,2
102,Carey Stillman,2
39,Julie Mesiano,2
43,John Pomeroy,2
94,chris ritland,1
3,Jacob Chalif,1
101,Meagan Stabler,1
7,Lauren Dorsey,1
100,Michele Spotts,1
112,Shelby Wood,1
89,Dana Pilchik,1
111,Hannah Wittmann,1
95,Sally Scanlon,1
110,Kimberly Wilson,1
97,Sumit Sharma,1
2,Xander Centenari,1
91,Ginny Reed,1
92,Jeff Reed,1
5,Paul Coats,1
108,Ayla Weale,1
105,Dirk Vandewalle,1
21,Aaron Gomo,1
81,Charles Morgan,1
75,Patrick Luckow,1
27,Eric Gruber,1
30,Melissa Herman,1
20,Sarah Glueck,1
35,Simon Long,1
38,Sean Meissner,1
40,Amy Mitchell,1
19,Lucy Glueck,1
48,Chelsea Tyler,1
16,Lucian Gleiser,1
51,Patrick Wheeler,1
52,Markus Wittmann,1
15,Ryan Faris,1
55,Bruce Atwood,1
56,Eric Avila,1
1,Jotham Burnett,1
58,Christiane Buessard,1
61,Janessa Dunn,1
63,Josh Gaimaro,1
64,Thomas Gessner,1
65,Aurora Goodwin,1
69,Liba Hladik,1
70,Jason James,1
74,Samuel Lensgraf,1
67,Amber Hewston,1
